City_ID,City,Country,Lat,Lng,Max Temp,Humidity,Cloudiness,Wind Speed,Weather Description
0,Hobart,AU,-42.88,147.33,45.0,81,75,11.41,broken clouds
1,Kapaa,US,22.08,-159.32,87.8,58,40,11.41,scattered clouds
2,Honiara,SB,-9.43,159.95,87.8,66,20,5.82,few clouds
3,Mataura,NZ,-46.19,168.86,69.01,51,32,18.01,scattered clouds
4,Mount Gambier,AU,-37.83,140.77,50.0,87,90,6.93,overcast clouds
5,Jamestown,US,42.1,-79.24,53.6,66,90,3.74,moderate rain
6,Kaitangata,NZ,-46.28,169.85,70.0,43,69,7.0,broken clouds
7,San Andres,CO,12.58,-81.7,84.2,79,75,4.7,broken clouds
8,Rikitea,PF,-23.12,-134.97,73.42,79,17,15.46,few clouds
9,Upernavik,GL,72.79,-56.15,24.58,87,85,4.09,overcast clouds
10,Moissala,TD,8.34,17.77,73.02,89,83,1.1,broken clouds
11,Hermanus,ZA,-34.42,19.23,57.0,91,0,4.83,clear sky
12,Yellowknife,CA,62.46,-114.35,46.4,87,90,17.22,light rain
13,Avarua,CK,-21.21,-159.78,75.2,73,99,9.17,overcast clouds
14,Basco,PH,20.45,121.97,81.64,77,81,22.55,broken clouds
15,Yinchuan,CN,38.47,106.27,44.6,45,6,5.88,clear sky
16,Grindavik,IS,63.84,-22.43,39.2,80,20,1.12,few clouds
17,Anzio,IT,41.49,12.62,66.0,79,87,3.0,overcast clouds
18,Victoria,HK,22.29,114.16,81.0,92,19,12.95,moderate rain
19,Anuradhapura,LK,8.36,80.42,75.96,85,67,9.15,broken clouds
20,Maarianhamina,AX,60.1,19.93,57.2,87,75,12.75,broken clouds
21,Airai,TL,-8.93,125.41,72.82,42,97,2.13,overcast clouds
22,Mizan Teferi,ET,6.98,35.58,61.3,86,85,3.36,overcast clouds
23,Tual,ID,-5.67,132.75,80.85,81,90,10.2,overcast clouds
24,Dalhousie,IN,32.53,75.98,56.16,38,0,7.23,clear sky
25,Saint George,US,37.1,-113.58,93.99,5,1,6.93,clear sky
26,Busselton,AU,-33.65,115.33,50.0,62,0,6.98,clear sky
27,Atuona,PF,-9.8,-139.03,77.81,77,45,14.81,scattered clouds
28,Las Vegas,US,36.17,-115.14,99.0,5,1,4.7,clear sky
29,Shache,CN,38.42,77.24,52.84,40,91,7.43,overcast clouds
30,Thompson,CA,55.74,-97.86,53.6,76,75,6.93,broken clouds
31,Ushuaia,AR,-54.8,-68.3,48.2,49,20,13.87,few clouds
32,Vardo,NO,70.37,31.11,47.03,81,0,13.82,clear sky
33,Rio Gallegos,AR,-51.62,-69.22,53.6,54,75,6.93,broken clouds
34,Poindimie,NC,-20.93,165.33,77.22,56,0,1.52,clear sky
35,Tezpur,IN,26.63,92.8,75.9,94,93,0.81,light rain
36,Khatanga,RU,71.97,102.5,25.36,98,100,18.3,light snow
37,Vanimo,PG,-2.67,141.3,85.62,66,93,5.75,overcast clouds
38,Maniwaki,CA,46.38,-75.97,45.7,94,99,3.74,moderate rain
39,Rawson,AR,-43.3,-65.1,52.48,49,42,28.36,scattered clouds
40,College,US,64.86,-147.8,57.2,37,40,2.57,scattered clouds
41,Ridgecrest,US,35.62,-117.67,100.0,8,0,14.45,clear sky
42,Ceica,RO,46.85,22.18,63.0,88,2,9.17,moderate rain
43,Albany,US,42.6,-73.97,53.01,78,70,1.92,broken clouds
44,Mahebourg,MU,-20.41,57.7,71.6,88,75,10.29,broken clouds
45,Hilo,US,19.73,-155.09,87.8,48,1,8.05,clear sky
46,Te Anau,NZ,-45.42,167.72,54.05,84,90,9.37,overcast clouds
47,Dakar,SN,14.69,-17.44,82.4,83,40,2.24,scattered clouds
48,Tuktoyaktuk,CA,69.45,-133.04,35.6,100,90,11.41,mist
49,Guerrero Negro,MX,27.98,-114.06,86.97,29,24,15.3,few clouds
50,Lazaro Cardenas,MX,17.96,-102.2,82.04,73,22,3.56,few clouds
51,Ponta Do Sol,PT,32.67,-17.1,71.6,73,75,12.75,broken clouds
52,Susurluk,TR,39.91,28.16,62.6,59,22,3.31,few clouds
53,Ukiah,US,39.15,-123.21,93.2,10,1,8.05,clear sky
54,Barrow,US,71.29,-156.79,35.6,80,90,5.82,overcast clouds
55,Brest,BY,52.1,23.7,56.64,83,0,5.99,clear sky
56,Mar Del Plata,AR,-38.0,-57.56,48.2,87,90,16.11,light rain
57,Ariquemes,BR,-9.91,-63.04,80.01,69,32,1.3,scattered clouds
58,Saldanha,ZA,-33.01,17.94,55.4,87,0,8.05,clear sky
59,Tasiilaq,GL,65.61,-37.64,26.82,80,82,2.48,broken clouds
60,Vaini,TO,-21.2,-175.2,73.4,94,75,12.75,broken clouds
61,Narsaq,GL,60.92,-46.05,35.6,64,4,3.36,clear sky
62,Srednekolymsk,RU,67.45,153.68,35.04,76,91,4.07,overcast clouds
63,Teguise,ES,29.06,-13.56,71.6,68,40,6.93,scattered clouds
64,Bethel,US,41.37,-73.41,55.4,66,1,3.04,clear sky
65,Abapo,BO,-18.83,-63.47,80.96,36,7,6.17,clear sky
66,Butaritari,KI,3.07,172.79,81.32,70,94,6.15,overcast clouds
67,Port Lincoln,AU,-34.73,135.87,54.68,70,12,17.85,few clouds
68,Bredasdorp,ZA,-34.53,20.04,57.2,93,0,2.24,clear sky
69,Torbay,CA,47.67,-52.73,48.0,87,75,2.24,broken clouds
70,Dillon,US,34.42,-79.37,61.0,93,75,4.05,broken clouds
71,Avera,US,33.19,-82.53,60.8,87,1,4.74,clear sky
72,Batie,BF,9.88,-2.92,73.6,92,95,3.67,overcast clouds
73,Thinadhoo,MV,0.53,72.93,82.53,74,89,10.29,light rain
74,Sonoita,MX,31.85,-112.83,105.01,7,0,9.75,clear sky
75,Haaren,NL,51.6,5.22,53.01,81,90,10.29,overcast clouds
76,Nanakuli,US,21.39,-158.15,89.6,46,1,9.17,clear sky
77,Sitka,US,57.05,-135.33,53.6,81,90,20.8,light rain
78,Constitucion,CL,-35.33,-72.42,50.9,66,0,12.37,clear sky
79,Buraydah,SA,26.33,43.98,74.82,20,1,6.51,clear sky
80,Berezovyy,RU,51.67,135.7,43.11,73,97,8.75,overcast clouds
81,Oranjemund,NA,-28.55,16.43,59.13,82,99,7.07,overcast clouds
82,Nouadhibou,MR,20.93,-17.03,77.0,69,0,18.34,clear sky
83,Kalga,RU,50.93,118.9,35.74,79,0,4.09,clear sky
84,Provideniya,RU,64.38,-173.3,37.4,59,75,13.42,broken clouds
85,Tabou,CI,4.42,-7.35,76.46,85,63,7.34,broken clouds
86,Cape Town,ZA,-33.93,18.42,57.0,93,0,4.7,clear sky
87,Cherskiy,RU,68.75,161.3,31.24,89,86,12.55,overcast clouds
88,Lebu,CL,-37.62,-73.65,47.61,88,0,11.74,clear sky
89,Dingle,PH,11.0,122.67,79.23,87,95,3.42,light rain
90,Severo-Kurilsk,RU,50.68,156.12,52.77,90,100,4.43,overcast clouds
91,Codrington,AU,-38.27,141.97,52.66,71,95,8.81,overcast clouds
92,Dikson,RU,73.51,80.55,33.67,88,100,25.81,overcast clouds
93,Naliya,IN,23.27,68.83,79.09,78,0,6.87,clear sky
94,Carutapera,BR,-1.2,-46.02,78.51,82,7,7.63,clear sky
95,Lompoc,US,34.64,-120.46,71.6,72,1,12.75,clear sky
96,Punta Arenas,CL,-53.15,-70.92,44.6,70,40,14.99,scattered clouds
97,Clyde River,CA,70.47,-68.59,28.4,86,90,4.7,overcast clouds
98,Longyearbyen,SJ,78.22,15.64,35.6,100,90,5.82,overcast clouds
99,Ostrovnoy,RU,68.05,39.51,42.66,87,52,15.37,broken clouds
100,Panzhihua,CN,26.59,101.71,70.54,79,73,1.43,light rain
101,West Bay,KY,19.37,-81.42,86.0,84,20,5.82,few clouds
102,Saskylakh,RU,71.92,114.08,19.87,95,100,8.59,overcast clouds
103,Sarankhola,BD,22.31,89.79,78.4,94,90,4.29,overcast clouds
104,Cukai,MY,4.25,103.42,75.2,94,20,2.24,few clouds
105,Mitu,CO,1.2,-70.17,74.16,94,60,2.37,broken clouds
106,Fairbanks,US,64.84,-147.72,57.2,33,1,2.93,clear sky
107,Chuy,UY,-33.7,-53.46,53.91,91,100,15.64,overcast clouds
108,Dutse,NG,11.76,9.34,78.64,52,19,6.53,few clouds
109,Bolu,TR,40.67,31.58,60.51,43,0,2.15,clear sky
110,Lorengau,PG,-2.02,147.27,86.16,69,13,9.93,light rain
111,Bikin,RU,46.82,134.26,45.5,89,100,5.64,moderate rain
112,Lavrentiya,RU,65.58,-171.0,37.85,76,55,16.46,broken clouds
113,Kuching,MY,1.55,110.33,75.2,100,40,3.36,light rain
114,Victoria Point,AU,-27.58,153.3,80.01,52,31,3.0,scattered clouds
115,Port Keats,AU,-14.25,129.55,84.92,64,2,8.63,light rain
116,Bathsheba,BB,13.22,-59.52,82.4,78,40,11.41,scattered clouds
117,Qaanaaq,GL,77.48,-69.36,16.84,78,0,7.7,clear sky
118,Puerto Ayacucho,VE,5.66,-67.62,79.7,80,69,0.78,light rain
119,Chokurdakh,RU,70.63,147.92,29.82,92,100,8.37,overcast clouds
120,Soe,ID,-9.86,124.28,80.65,38,64,2.28,broken clouds
121,Odienne,CI,9.51,-7.57,71.78,94,100,1.57,light rain
122,Cap Malheureux,MU,-19.98,57.61,71.01,81,73,4.0,broken clouds
123,Ambilobe,MG,-13.2,49.05,70.2,85,45,4.07,scattered clouds
124,General Roca,AR,-39.03,-67.58,44.6,81,26,2.24,scattered clouds
125,Nieuw Amsterdam,SR,5.88,-55.08,79.0,88,20,9.46,few clouds
126,Sompeta,IN,18.93,84.6,79.11,85,94,6.17,heavy intensity rain
127,Lensk,RU,60.73,114.93,33.67,91,86,9.26,overcast clouds
128,Castro,BR,-24.79,-50.01,61.11,85,72,13.22,broken clouds
129,Wenzhou,CN,28.0,120.67,71.01,65,97,5.95,overcast clouds
130,Chincholi,IN,17.47,77.43,72.46,78,88,5.35,overcast clouds
131,Luderitz,NA,-26.65,15.16,60.3,72,98,11.88,overcast clouds
132,Karabash,RU,55.48,60.22,30.99,90,76,2.57,broken clouds
133,Andilamena,MG,-17.02,48.58,63.93,97,39,1.88,light rain
134,Bandrele,YT,-12.91,45.19,75.2,83,75,1.12,broken clouds
135,Piacabucu,BR,-10.41,-36.43,74.79,84,68,8.9,broken clouds
136,Halifax,CA,44.65,-63.57,52.0,83,63,2.13,broken clouds
137,Luanda,AO,-8.84,13.23,75.2,78,40,6.93,scattered clouds
138,Tilichiki,RU,60.47,166.1,40.03,65,27,2.44,scattered clouds
139,Reyes,BO,-14.32,-67.38,82.26,50,67,2.15,broken clouds
140,Laguna,US,38.42,-121.42,96.01,19,1,4.7,clear sky
141,Samarai,PG,-10.62,150.67,78.85,85,74,17.47,light rain
142,Burns Lake,CA,54.23,-125.75,57.38,49,2,9.8,clear sky
143,Rodionovo-Nesvetayskaya,RU,47.61,39.71,57.2,30,24,13.42,few clouds
144,Bambous Virieux,MU,-20.34,57.76,71.6,88,75,10.29,broken clouds
145,Rocha,UY,-34.48,-54.33,52.16,93,87,14.56,overcast clouds
146,Nikolskoye,RU,59.7,30.79,54.0,81,40,11.18,scattered clouds
147,Port Alfred,ZA,-33.59,26.89,64.72,82,0,17.31,clear sky
148,Nizhniy Odes,RU,63.64,54.86,30.76,96,66,6.02,broken clouds
149,Erenhot,CN,43.65,111.98,36.68,63,0,6.91,clear sky
150,Pangnirtung,CA,66.15,-65.71,26.85,92,43,3.58,scattered clouds
151,Port Elizabeth,ZA,-33.92,25.57,62.6,93,40,8.05,scattered clouds
152,Klaksvik,FO,62.23,-6.59,51.8,71,82,2.24,broken clouds
153,Hoi An,VN,15.88,108.33,77.0,100,20,1.12,few clouds
154,Vernon,CA,50.26,-119.27,66.99,64,68,1.99,broken clouds
155,Coahuayana,MX,18.73,-103.68,80.6,78,75,11.41,broken clouds
156,Isangel,VU,-19.55,169.27,76.28,62,7,5.23,clear sky
157,Haimen,CN,23.19,116.61,78.8,78,51,6.71,broken clouds
158,Alyangula,AU,-13.85,136.42,84.2,66,40,13.87,scattered clouds
159,Ende,ID,-8.84,121.66,82.81,58,85,2.86,overcast clouds
160,Carnarvon,AU,-24.87,113.63,59.0,33,0,13.87,clear sky
161,Port Hardy,CA,50.7,-127.42,60.8,72,20,5.82,few clouds
162,Tiksi,RU,71.69,128.87,21.85,94,94,17.43,overcast clouds
163,Ilulissat,GL,69.22,-51.1,26.6,53,46,4.7,scattered clouds
164,Faanui,PF,-16.48,-151.75,78.35,79,65,13.8,broken clouds
165,Pinotepa De Don Luis,MX,16.42,-97.92,73.11,92,21,2.66,few clouds
166,Meulaboh,ID,4.14,96.13,76.71,80,100,3.65,overcast clouds
167,Homer,US,59.64,-151.55,46.0,78,100,1.99,overcast clouds
168,Saint-Philippe,RE,-21.36,55.77,68.0,88,92,13.87,light rain
169,Yuancheng,CN,36.65,107.79,40.51,70,100,6.64,moderate rain
170,Veraval,IN,20.9,70.37,79.12,83,0,9.91,clear sky
171,Jeronimo Monteiro,BR,-20.79,-41.4,72.9,86,64,4.63,light rain
172,Touros,BR,-5.2,-35.46,77.0,83,20,6.93,few clouds
173,Vestmanna,FO,62.16,-7.17,51.8,71,73,2.24,broken clouds
174,Mehamn,NO,71.04,27.85,43.92,77,0,4.47,clear sky
175,Yangzhou,CN,32.4,119.44,61.0,65,0,9.51,clear sky
176,Arraial Do Cabo,BR,-22.97,-42.03,71.35,86,100,21.5,overcast clouds
177,Kyzyl-Suu,KG,42.34,78.0,42.46,59,10,7.0,clear sky
178,Cabo San Lucas,MX,22.89,-109.91,87.8,58,5,11.41,clear sky
179,Bluff,NZ,-46.6,168.33,69.01,51,69,18.01,broken clouds
180,Bichena,ET,10.45,38.2,49.23,87,24,0.38,few clouds
181,Adrar,MR,20.5,-10.07,82.62,50,100,3.71,light rain
182,Zhigansk,RU,66.77,123.37,32.85,97,100,16.37,overcast clouds
183,La Ronge,CA,55.1,-105.28,68.0,52,40,12.75,scattered clouds
184,Kavieng,PG,-2.57,150.8,83.5,80,52,14.92,moderate rain
185,Georgetown,MY,5.41,100.34,80.6,88,20,2.24,thunderstorm
186,Kaeo,NZ,-35.1,173.78,66.99,64,0,1.99,clear sky
187,Kenai,US,60.55,-151.26,51.01,66,90,18.34,light rain
188,Necochea,AR,-38.55,-58.74,46.0,91,100,4.0,light rain
189,Olafsvik,IS,64.89,-23.71,42.6,79,94,7.47,overcast clouds
190,Riyadh,SA,24.69,46.72,75.2,29,0,3.36,clear sky
191,Karratha,AU,-20.74,116.85,66.96,26,2,29.53,clear sky
192,Iqaluit,CA,63.75,-68.51,33.8,86,90,14.99,light snow
193,Camacha,PT,33.08,-16.33,71.6,73,75,6.93,broken clouds
194,Jiexiu,CN,37.02,111.91,50.05,44,84,1.32,broken clouds
195,Aksu,CN,41.12,80.26,54.03,42,69,6.73,broken clouds
196,Puerto Ayora,EC,-0.74,-90.35,69.01,85,39,5.01,scattered clouds
197,San Quintin,MX,30.48,-115.95,82.63,37,55,9.84,broken clouds
198,Kutum,SD,14.2,24.67,73.87,66,45,10.31,scattered clouds
199,Tazovskiy,RU,67.47,78.7,38.57,96,100,16.64,light rain
200,Port Pirie,AU,-33.18,138.02,53.6,76,75,18.34,broken clouds
201,Broome,US,42.25,-75.83,55.0,73,95,1.01,overcast clouds
202,San Patricio,MX,19.22,-104.7,87.8,70,20,11.41,few clouds
203,Abha,SA,18.22,42.51,60.8,82,0,0.63,clear sky
204,Ribeira Grande,PT,38.52,-28.7,68.74,85,5,11.5,clear sky
205,Lake Charles,US,30.21,-93.2,80.6,42,5,5.82,clear sky
206,Pajapan,MX,18.25,-94.7,84.2,58,90,16.11,overcast clouds
207,Hami,CN,42.8,93.45,49.05,39,0,6.53,clear sky
208,San Cristobal,VE,7.77,-72.22,84.2,66,40,9.17,scattered clouds
209,Uige,AO,-7.61,15.06,69.28,89,66,3.31,broken clouds
210,Kruisfontein,ZA,-34.0,24.73,57.99,95,0,4.45,clear sky
211,Murray Bridge,AU,-35.12,139.27,52.0,88,69,1.01,broken clouds
212,Susanville,US,40.42,-120.65,84.99,7,1,13.87,clear sky
213,Hithadhoo,MV,-0.6,73.08,82.33,73,100,9.69,overcast clouds
214,Okhotsk,RU,59.38,143.3,45.61,58,39,9.73,scattered clouds
215,Newport,GB,51.59,-3.0,53.01,95,4,7.94,clear sky
216,Morros,BR,-9.45,-46.3,83.19,21,23,4.05,few clouds
217,Roebourne,AU,-20.78,117.13,66.87,27,0,29.84,clear sky
218,Ampanihy,MG,-24.7,44.75,62.55,75,82,15.14,broken clouds
219,Verkhnevilyuysk,RU,63.45,120.32,36.86,95,100,8.25,overcast clouds
220,Lasa,IT,46.62,10.7,51.01,100,75,11.41,light rain
221,Matara,LK,5.95,80.54,76.59,88,11,9.51,few clouds
222,Rong Kwang,TH,18.34,100.32,75.36,91,100,1.23,overcast clouds
223,Alofi,NU,-19.06,-169.92,80.6,69,75,9.17,broken clouds
224,Namatanai,PG,-3.67,152.43,83.93,75,31,11.63,light rain
225,Nanortalik,GL,60.14,-45.24,34.57,86,1,12.71,clear sky
226,Gallup,US,35.53,-108.74,82.4,7,1,11.41,clear sky
227,Chibuto,MZ,-24.69,33.53,69.49,85,52,8.5,broken clouds
228,Ercis,TR,39.03,43.36,55.4,47,20,8.05,few clouds
229,Aswan,EG,24.09,32.91,78.48,29,0,10.6,clear sky
230,Bontang,ID,0.13,117.5,78.98,84,100,10.27,moderate rain
231,Hamilton,US,39.18,-84.53,54.0,71,90,14.99,overcast clouds
232,Risor,NO,58.72,9.23,54.0,97,100,9.78,overcast clouds
233,Pochutla,MX,15.74,-96.47,79.0,78,90,9.17,overcast clouds
234,Agarak,AM,39.21,46.54,52.3,91,100,1.5,overcast clouds
235,Malkapur,IN,20.88,76.2,73.27,78,81,6.26,broken clouds
236,Imperia,IT,43.97,7.78,54.0,88,67,5.57,broken clouds
237,Hasaki,JP,35.73,140.83,70.0,94,75,3.36,shower rain
238,Varhaug,NO,58.61,5.65,54.0,99,100,17.07,overcast clouds
239,Waingapu,ID,-9.66,120.26,81.46,52,99,3.53,overcast clouds
240,Teahupoo,PF,-17.83,-149.27,82.4,65,40,4.7,scattered clouds
241,Bilibino,RU,68.05,166.44,25.93,93,96,2.77,overcast clouds
242,Gizo,SB,-8.1,156.84,84.34,68,5,5.14,clear sky
243,Syracuse,IT,37.09,15.28,73.0,94,78,4.7,broken clouds
244,Banjarmasin,ID,-3.32,114.59,75.2,88,100,4.09,overcast clouds
245,Fare,PF,-16.7,-151.02,79.05,77,54,14.29,broken clouds
246,Fortuna,US,40.6,-124.16,64.0,87,20,12.75,few clouds
247,Portland,US,45.52,-122.68,71.01,63,20,5.82,few clouds
248,The Valley,AI,18.22,-63.06,82.4,78,20,9.17,few clouds
249,Koupela,BF,12.18,-0.35,79.65,71,71,4.32,broken clouds
250,Los Llanos De Aridane,ES,28.66,-17.92,73.4,73,20,9.17,few clouds
251,Westport,US,41.14,-73.36,62.6,51,1,8.05,clear sky
252,Waren,DE,53.52,12.68,48.99,82,1,6.46,clear sky
253,Poum,NC,-20.23,164.02,72.9,74,0,18.21,clear sky
254,Yarim,YE,14.3,44.38,52.3,76,3,1.83,clear sky
255,Buala,SB,-8.14,159.59,85.3,68,2,8.9,clear sky
256,Yulara,AU,-25.24,130.99,53.6,66,90,14.99,overcast clouds
257,Begles,FR,44.81,-0.55,53.01,93,99,8.05,overcast clouds
258,Husavik,IS,66.04,-17.34,39.2,93,90,4.7,overcast clouds
259,Aqtobe,KZ,50.28,57.21,41.0,48,46,11.18,scattered clouds
260,Bakhmach,UA,51.18,32.76,56.19,37,91,11.21,overcast clouds
261,Do Gonbadan,IR,30.36,50.8,75.2,47,0,2.98,clear sky
262,New Norfolk,AU,-42.78,147.06,44.01,97,100,7.0,light rain
263,East London,ZA,-33.02,27.91,66.34,83,59,16.24,broken clouds
264,Porbandar,IN,21.64,69.61,79.84,78,0,7.38,clear sky
265,Maharajganj,IN,27.13,83.57,78.8,100,40,2.24,mist
266,Mujiayingzi,CN,42.12,118.78,41.43,63,0,8.9,clear sky
267,Esperance,AU,-33.87,121.9,48.2,100,90,2.24,overcast clouds
268,Atar,MR,20.52,-13.05,80.02,58,100,1.1,light rain
269,Palm Valley,US,30.18,-81.39,71.01,1,100,6.69,light rain
270,Juegang,CN,32.32,121.19,64.04,68,18,13.76,light rain
271,Huilong,CN,31.81,121.66,71.01,72,13,15.1,few clouds
272,Soure,BR,-0.72,-48.52,81.01,80,22,15.28,few clouds
273,Yining,CN,29.04,114.56,56.7,91,100,4.76,overcast clouds
274,Gobabis,NA,-22.45,18.97,66.04,24,62,7.11,broken clouds
275,Huarmey,PE,-10.07,-78.15,62.6,81,33,6.73,scattered clouds
276,Kidal,ML,18.44,1.41,89.35,34,38,10.8,scattered clouds
277,Peleduy,RU,59.63,112.74,32.99,94,96,9.04,overcast clouds
278,Nyurba,RU,63.28,118.33,38.01,88,100,9.15,overcast clouds
279,Mamallapuram,IN,12.63,80.17,82.4,65,40,10.29,scattered clouds
280,Dingzhou,CN,38.51,115.0,44.6,75,15,6.71,few clouds
281,Geraldton,AU,-28.77,114.6,53.6,58,0,16.11,clear sky
282,Vazante,BR,-17.99,-46.91,77.32,28,67,2.84,broken clouds
283,Vila Do Maio,CV,15.13,-23.22,75.2,78,20,8.05,few clouds
284,Serov,RU,59.6,60.58,30.88,93,100,4.12,overcast clouds
285,Ketchikan,US,55.34,-131.65,55.4,82,90,17.22,overcast clouds
286,Marawi,PH,8.0,124.29,80.01,81,70,5.01,broken clouds
287,Lebanon,US,36.21,-86.29,64.4,63,20,13.87,few clouds
288,Calmar,CA,53.27,-113.82,59.0,76,90,13.87,shower rain
289,La Rinconada,ES,37.49,-5.98,64.0,63,86,5.82,overcast clouds
290,Cidreira,BR,-30.18,-50.21,61.02,90,100,26.57,overcast clouds
291,Coari,BR,-4.08,-63.14,74.57,86,88,1.88,light rain
292,Ancud,CL,-41.87,-73.82,48.0,70,75,6.93,broken clouds
293,Baneasa,RO,44.05,26.06,66.99,89,52,6.42,broken clouds
294,Sampit,ID,-2.53,112.95,79.93,80,97,0.81,overcast clouds
295,Newala,TZ,-10.94,39.28,62.08,96,44,3.8,scattered clouds
296,Anloga,GH,5.79,0.9,78.8,83,20,8.05,few clouds
297,Asyut,EG,27.18,31.18,78.8,47,0,8.05,clear sky
298,Lubango,AO,-14.92,13.49,60.15,33,24,3.13,few clouds
299,Chato,TZ,-2.64,31.77,70.23,70,26,5.84,scattered clouds
300,Khash,IR,28.22,61.22,57.79,33,0,7.29,clear sky
301,Beian,NO,63.66,9.57,59.0,67,75,20.8,broken clouds
302,Anadyr,RU,64.75,177.48,32.0,88,40,4.47,light snow
303,Coquimbo,CL,-29.95,-71.34,55.4,71,70,8.05,broken clouds
304,Port-Gentil,GA,-0.72,8.78,77.0,94,90,8.72,thunderstorm with light rain
305,Moth,IN,25.72,78.95,75.74,31,18,3.51,few clouds
306,Banjar,ID,-8.19,114.97,78.8,100,75,2.24,broken clouds
307,Great Falls,US,47.5,-111.3,80.6,13,1,17.22,clear sky
308,Haines Junction,CA,60.75,-137.51,41.49,85,100,3.06,light rain
309,Fomboni,KM,-12.28,43.74,77.45,75,98,5.73,overcast clouds
310,Benghazi,LY,32.12,20.07,85.96,34,0,15.03,clear sky
311,Vila Velha,BR,-20.33,-40.29,81.0,88,40,5.82,scattered clouds
312,Vila Franca Do Campo,PT,37.72,-25.43,64.4,82,20,4.7,few clouds
313,Rabo De Peixe,PT,37.8,-25.58,64.4,82,20,4.7,few clouds
314,Itoman,JP,26.12,127.67,80.6,74,20,9.17,few clouds
315,Ypsonas,CY,34.69,32.96,68.0,56,0,2.24,clear sky
316,Mulege,MX,26.88,-111.98,91.94,31,0,5.3,clear sky
317,Griffith,US,41.53,-87.42,51.8,57,1,3.36,clear sky
318,Vila,PT,42.03,-8.16,51.01,92,77,5.99,broken clouds
319,Nome,US,64.5,-165.41,42.8,87,90,6.93,light rain
320,Chernyshevskiy,RU,63.01,112.47,37.85,95,100,9.42,overcast clouds
321,Okmulgee,US,35.62,-95.96,68.0,37,1,6.93,clear sky
322,Antofagasta,CL,-23.65,-70.4,55.4,76,75,12.75,broken clouds
323,Pauini,BR,-7.71,-66.98,79.32,66,62,2.24,broken clouds
324,Churapcha,RU,62.0,132.43,29.55,93,46,5.84,scattered clouds
325,Lavumisa,SZ,-27.31,31.89,68.76,92,100,2.44,moderate rain
326,Kodinsk,RU,58.69,99.18,32.18,96,70,4.97,broken clouds
327,Sao Filipe,CV,14.9,-24.5,78.1,72,29,6.53,scattered clouds
328,Grootfontein,NA,-19.57,18.12,69.58,31,1,7.09,clear sky
329,Mayumba,GA,-3.43,10.66,76.82,87,100,8.95,overcast clouds
330,Capinota,BO,-17.72,-66.23,69.8,40,20,5.82,few clouds
331,Hobyo,SO,5.35,48.53,78.62,85,27,15.23,scattered clouds
332,Teya,RU,60.38,92.63,42.8,89,100,4.97,light rain
333,Cuiluan,CN,47.72,128.65,44.94,88,100,9.15,overcast clouds
334,Xining,CN,36.62,101.77,40.89,65,67,1.77,broken clouds
335,Tecoanapa,MX,16.52,-98.75,81.59,72,9,3.53,clear sky
336,Kita,ML,13.03,-9.49,74.84,87,92,1.83,overcast clouds
337,Mahajanga,MG,-15.72,46.32,78.8,83,40,2.24,scattered clouds
338,Zmeinogorsk,RU,51.16,82.19,41.32,93,100,4.97,moderate rain
339,Mayo,US,38.89,-76.51,61.0,77,1,5.73,clear sky
340,Kodiak,US,57.79,-152.41,46.4,87,90,20.8,moderate rain
341,Chapais,CA,49.78,-74.85,35.6,93,90,2.24,overcast clouds
342,Ambon,ID,-3.7,128.18,82.4,78,20,3.36,few clouds
343,Kurilsk,RU,45.23,147.88,58.19,92,100,14.54,moderate rain
344,Taoudenni,ML,22.68,-3.98,83.32,54,97,17.98,overcast clouds
345,Itatskiy,RU,56.07,89.04,42.4,82,100,5.7,overcast clouds
346,Ngunguru,NZ,-35.62,174.5,66.99,64,14,1.99,few clouds
347,Shimoda,JP,34.67,138.95,77.0,78,75,16.11,broken clouds
348,Talnakh,RU,69.49,88.4,32.0,98,90,13.42,heavy shower snow
349,New Lenox,US,41.51,-87.97,51.8,59,40,6.93,scattered clouds
350,Aykhal,RU,66.0,111.5,33.8,100,90,8.95,overcast clouds
351,Puebla,MX,18.83,-98.0,66.2,25,40,11.41,scattered clouds
352,Kleive,NO,62.8,7.64,62.6,77,76,17.22,light intensity shower rain
353,Coihaique,CL,-45.58,-72.07,48.2,77,75,11.41,broken clouds
354,Thai Nguyen,VN,21.59,105.84,78.8,100,75,3.36,mist
355,Tautira,PF,-17.73,-149.15,82.4,65,40,4.7,scattered clouds
356,Price,US,39.6,-110.81,78.8,11,1,3.36,clear sky
357,Pevek,RU,69.7,170.31,33.17,85,75,10.22,broken clouds
358,Goundam,ML,16.41,-3.67,91.72,37,72,3.49,light rain
359,Kahului,US,20.89,-156.47,89.6,49,20,28.86,few clouds
360,Atambua,ID,-9.11,124.89,83.28,44,100,0.2,overcast clouds
361,Tignoan,PH,14.56,121.62,82.4,78,20,3.36,few clouds
362,Sorland,NO,67.67,12.69,53.98,75,76,23.82,broken clouds
363,Gat,IL,31.61,34.76,72.0,100,0,1.01,clear sky
364,Saint-Pierre,RE,-21.34,55.48,68.0,88,92,13.87,light rain
365,Arrifes,PT,37.77,-25.7,64.4,82,20,4.7,few clouds
366,Itarema,BR,-2.92,-39.92,78.73,80,29,14.79,scattered clouds
367,Mahibadhoo,MV,3.78,72.97,81.91,76,50,14.32,light rain
368,Tura,IN,25.52,90.22,73.9,92,18,1.66,few clouds
369,Makakilo City,US,21.35,-158.09,89.6,46,1,9.17,clear sky
370,Marystown,CA,47.17,-55.15,51.01,100,82,4.25,broken clouds
371,Saint Anthony,US,45.02,-93.22,55.4,37,1,6.93,clear sky
372,Bilma,NE,18.69,12.92,90.09,14,2,4.76,clear sky
373,Denpasar,ID,-8.65,115.22,78.8,100,75,2.24,broken clouds
374,Hualmay,PE,-11.1,-77.61,61.66,85,27,7.05,scattered clouds
375,Dhanera,IN,24.52,72.02,76.62,76,0,4.45,clear sky
376,Muroto,JP,33.28,134.15,71.6,88,75,4.7,broken clouds
377,Fort Nelson,CA,58.81,-122.7,62.6,27,75,17.22,broken clouds
378,Juneau,US,58.3,-134.42,50.0,87,90,18.34,moderate rain
379,Puerto Escondido,MX,15.85,-97.07,84.2,70,75,4.7,broken clouds
380,Amuntai,ID,-2.42,115.25,81.86,71,100,0.45,overcast clouds
381,Kamaishi,JP,39.27,141.88,62.6,77,75,13.87,light intensity shower rain
382,Huaicheng,CN,23.91,112.19,71.98,71,26,3.78,scattered clouds
383,Patos,BR,-7.02,-37.28,76.6,61,65,19.55,broken clouds
384,Vestmannaeyjar,IS,63.44,-20.27,42.21,78,57,12.82,broken clouds
385,Seoul,KR,37.57,126.98,53.6,66,1,10.2,clear sky
386,Churu,IN,28.3,74.95,72.88,24,0,1.3,clear sky
387,Mae Sai,TH,20.43,99.88,75.2,100,20,2.24,few clouds
388,Fukue,JP,32.69,128.84,66.2,63,40,18.34,scattered clouds
389,Mavrovi Anovi,MK,41.7,20.76,64.0,73,0,4.88,clear sky
390,Marsh Harbour,BS,26.54,-77.06,83.08,78,88,13.02,overcast clouds
391,Manadhoo,MV,5.77,73.38,81.82,78,9,15.1,clear sky
392,Quatre Cocos,MU,-20.21,57.76,71.6,88,75,10.29,broken clouds
393,Kupang,ID,-10.17,123.58,82.4,45,20,4.7,few clouds
394,Izumo,JP,35.37,132.77,66.2,68,75,13.87,broken clouds
395,Awjilah,LY,29.11,21.29,85.19,23,0,8.3,clear sky
396,Quechultenango,MX,17.42,-99.22,71.87,70,70,0.47,broken clouds
397,Neuquen,AR,-38.95,-68.06,44.6,81,22,2.24,few clouds
398,Goderich,CA,43.75,-81.72,52.0,52,94,1.01,overcast clouds
399,Baruun-Urt,MN,46.68,113.28,31.23,74,0,4.94,clear sky
400,Vyartsilya,RU,62.18,30.69,51.21,94,100,9.01,moderate rain
401,Gaoual,GN,11.75,-13.2,74.7,92,89,3.47,overcast clouds
402,Saint-Francois,FR,46.42,3.91,50.0,71,73,4.7,broken clouds
403,Allapalli,IN,19.42,80.07,71.83,80,96,3.11,overcast clouds
404,Katsina,NG,12.99,7.6,82.02,45,16,6.87,few clouds
405,Nerchinskiy Zavod,RU,51.31,119.61,34.27,82,0,3.62,clear sky
406,San Clemente,US,33.43,-117.61,91.4,15,40,8.05,scattered clouds
407,Mattoon,US,39.48,-88.37,54.0,46,1,10.29,clear sky
408,Port Macquarie,AU,-31.43,152.92,79.0,45,1,1.99,clear sky
409,Dalaba,GN,10.7,-12.25,61.75,100,100,3.11,overcast clouds
410,Sioux Lookout,CA,50.1,-91.92,48.2,49,90,11.41,overcast clouds
411,La Paz,BO,-16.5,-68.15,50.0,46,20,3.36,few clouds
412,Shakhtinsk,KZ,49.71,72.59,32.0,97,90,13.42,light shower snow
413,Gimli,CA,50.63,-96.99,60.01,92,100,8.01,overcast clouds
414,Tiarei,PF,-17.53,-149.33,82.4,65,40,4.7,scattered clouds
415,Boyolangu,ID,-8.12,111.89,77.5,78,92,8.05,overcast clouds
416,Norman Wells,CA,65.28,-126.83,62.6,36,75,11.41,broken clouds
417,Skjervoy,NO,70.03,20.97,51.3,74,0,13.71,clear sky
418,Buturlino,RU,55.57,44.9,38.71,78,60,5.1,broken clouds
419,Charters Towers,AU,-20.1,146.27,75.99,53,92,13.82,overcast clouds
420,Tigil,RU,57.8,158.67,45.27,59,99,13.47,overcast clouds
421,Hambantota,LK,6.12,81.12,75.2,94,40,8.05,scattered clouds
422,Obsharovka,RU,53.12,48.85,40.24,77,0,5.48,clear sky
423,Springbok,ZA,-29.66,17.89,56.73,62,72,1.39,broken clouds
424,Caravelas,BR,-17.71,-39.25,73.04,87,54,4.0,broken clouds
425,Sergeyevka,KZ,53.88,67.42,28.69,95,0,6.69,clear sky
426,Sokoto,NG,13.06,5.24,82.36,50,3,7.56,clear sky
427,Panjab,AF,34.39,67.02,27.57,88,0,4.12,clear sky
428,Kavaratti,IN,10.57,72.64,80.58,71,99,11.45,overcast clouds
429,Bama,NG,11.52,13.69,80.4,67,30,2.42,scattered clouds
430,Aksarka,RU,66.56,67.8,35.58,86,100,15.99,overcast clouds
431,Zaysan,KZ,47.47,84.87,46.92,53,44,4.5,scattered clouds
432,Lagoa,PT,39.05,-27.98,68.61,84,0,10.65,clear sky
433,Paciran,ID,-6.88,112.38,80.78,70,73,7.76,broken clouds
434,Mount Isa,AU,-20.73,139.5,82.4,26,40,6.93,scattered clouds
435,Hyeres,FR,43.12,6.12,57.0,76,55,4.7,broken clouds
436,Flin Flon,CA,54.77,-101.86,60.8,63,75,4.7,broken clouds
437,Makat,KZ,47.65,53.35,54.68,50,100,10.49,overcast clouds
438,Multai,IN,21.77,78.25,67.93,74,100,7.85,overcast clouds
439,Alice Springs,AU,-23.7,133.88,53.6,100,90,13.87,overcast clouds
440,Prince Rupert,CA,54.32,-130.32,57.2,76,90,12.75,overcast clouds
441,North Bend,US,43.41,-124.22,64.99,77,1,13.87,clear sky
442,Wattegama,LK,6.8,81.48,75.2,94,40,8.05,scattered clouds
443,Tuatapere,NZ,-46.13,167.68,69.01,51,68,18.01,broken clouds
444,Rio Grande,BR,-32.03,-52.1,57.0,94,100,8.99,light rain
445,Qaqortoq,GL,60.72,-46.03,35.6,64,2,3.36,clear sky
446,Najran,SA,17.49,44.13,69.8,29,0,2.57,clear sky
447,Jabinyanah,TN,35.03,10.91,75.2,88,20,3.0,few clouds
448,Suchdol Nad Luznici,CZ,48.89,14.88,46.99,88,55,1.01,broken clouds
449,Luau,AO,-10.71,22.22,70.05,54,37,2.51,scattered clouds
450,Celendin,PE,-6.87,-78.15,57.29,68,57,5.61,broken clouds
451,Beringovskiy,RU,63.05,179.32,35.01,81,57,11.14,broken clouds
452,Manono,CD,-7.3,27.42,73.13,56,3,0.96,clear sky
453,High Level,CA,58.52,-117.14,62.6,41,20,12.75,few clouds
454,Vagur,FO,61.47,-6.81,50.94,83,99,15.5,overcast clouds
455,Vega De Alatorre,MX,20.03,-96.63,77.83,72,0,13.87,clear sky
456,Boende,CD,-0.22,20.87,69.71,96,41,0.65,scattered clouds
457,Pareora,NZ,-44.49,171.21,66.99,39,47,10.0,scattered clouds
458,Bosobolo,CD,4.18,19.9,70.92,89,33,0.65,scattered clouds
459,Sola,VU,-13.88,167.55,78.69,85,30,18.3,scattered clouds
460,Nivala,FI,63.92,24.97,48.99,86,29,4.0,scattered clouds
461,Sao Joao Da Barra,BR,-21.64,-41.05,73.06,89,76,18.43,broken clouds
462,Lamu,KE,-2.27,40.9,78.8,83,40,5.82,scattered clouds
463,Iwaki,JP,37.05,140.88,71.01,93,100,1.01,overcast clouds
464,Mao,ES,39.89,4.27,59.0,82,39,5.82,scattered clouds
465,Souillac,MU,-20.52,57.52,71.6,88,75,10.29,broken clouds
466,Santa Fe,AR,-31.63,-60.7,54.0,93,100,3.0,overcast clouds
467,Mnogovershinnyy,RU,53.94,139.92,42.57,96,100,10.71,light rain
468,Belyy Yar,RU,53.6,91.39,32.0,78,94,3.4,overcast clouds
469,Almaznyy,RU,48.04,40.05,57.2,30,0,13.42,clear sky
470,Lakes Entrance,AU,-37.88,147.98,57.0,75,100,4.0,overcast clouds
471,Acarau,BR,-2.89,-40.12,78.37,81,44,14.58,scattered clouds
472,Zyryanka,RU,65.75,150.85,35.91,76,43,3.71,scattered clouds
473,Wewak,PG,-3.55,143.63,84.81,70,96,4.79,overcast clouds
474,Qinhuangdao,CN,39.93,119.59,53.06,42,0,7.4,clear sky
475,Semey,KZ,50.41,80.23,44.6,87,90,6.71,overcast clouds
476,Salinas,US,36.68,-121.66,77.0,60,1,12.75,clear sky
477,Kargasok,RU,59.06,80.86,29.52,98,90,9.82,overcast clouds
478,Cabo Rojo,PR,18.09,-67.15,82.99,84,65,5.26,broken clouds
479,Potosi,BO,-19.58,-65.75,48.07,68,76,8.63,light rain
480,Olga,RU,43.74,135.29,50.4,66,1,7.61,clear sky
481,Jumla,NP,29.27,82.18,50.0,49,14,4.36,few clouds
482,Seredka,RU,58.16,28.19,62.6,72,97,11.18,light intensity shower rain
483,Kloulklubed,PW,7.04,134.26,84.2,83,75,5.82,broken clouds
484,San Cosme Y Damian,PY,-27.32,-56.35,73.4,60,85,6.93,overcast clouds
485,Nabire,ID,-3.37,135.48,84.54,66,88,1.03,overcast clouds
486,Usinsk,RU,65.99,57.53,32.85,93,81,13.02,broken clouds
487,Komsomolskiy,UZ,40.43,71.72,53.6,54,37,4.7,scattered clouds
488,Praya,CV,14.92,-23.51,75.2,78,20,8.05,few clouds
489,Bida,NG,9.08,6.02,76.71,89,90,1.54,light rain
490,Chongqing,CN,29.56,106.55,64.0,100,90,6.71,mist
491,Bantva,IN,21.49,70.07,77.02,85,0,4.18,clear sky
492,Lawrenceburg,US,38.04,-84.9,57.2,71,90,9.17,overcast clouds
493,Brae,GB,60.4,-1.35,53.6,100,75,12.75,broken clouds
494,Flinders,AU,-34.58,150.86,75.0,53,0,10.0,clear sky
495,Comodoro Rivadavia,AR,-45.87,-67.5,66.2,17,9,13.87,clear sky
496,Aksarayskiy,RU,46.79,48.01,53.6,39,78,6.71,broken clouds
497,Saiki,JP,32.95,131.9,71.01,82,100,16.98,overcast clouds
498,Hay River,CA,60.82,-115.8,59.0,51,75,13.87,broken clouds
499,Bengkulu,ID,-3.8,102.27,76.08,87,100,7.52,overcast clouds
500,Collie,AU,-33.37,116.15,50.0,62,0,6.6,clear sky
501,Terra Santa,BR,-2.1,-56.49,84.36,49,43,3.29,scattered clouds
502,Oksfjord,NO,70.24,22.35,44.6,87,0,19.46,clear sky
503,Broken Hill,AU,-31.95,141.43,51.8,81,90,24.16,overcast clouds
504,Belle Fourche,US,44.67,-103.85,73.99,32,1,5.82,clear sky
505,Dubbo,AU,-32.25,148.62,71.6,49,0,18.34,clear sky
506,Naryan-Mar,RU,67.67,53.09,41.23,88,100,16.2,overcast clouds
507,Labuhan,ID,-6.88,112.21,80.69,71,73,10.94,broken clouds
508,Manuk Mangkaw,PH,4.8,119.85,83.88,75,100,11.21,light rain
509,Half Moon Bay,US,37.46,-122.43,78.01,93,90,11.41,mist
510,Sinnamary,GF,5.38,-52.95,79.72,87,39,9.44,scattered clouds
511,Sidi Ali,DZ,36.1,0.42,63.95,65,90,5.48,overcast clouds
512,Mitsamiouli,KM,-11.38,43.28,76.68,77,42,6.91,scattered clouds
513,Sile,TR,41.18,29.61,68.0,64,3,4.7,clear sky
514,Jieshi,CN,22.81,115.83,82.99,86,79,20.11,broken clouds
515,Muros,ES,42.78,-9.06,52.0,94,70,1.01,broken clouds
516,Asau,RO,46.43,26.4,57.99,99,48,2.42,scattered clouds
517,Solnechnyy,RU,50.72,136.63,40.64,84,90,9.89,overcast clouds
518,Chuzhou,CN,32.32,118.3,62.01,56,0,8.34,clear sky
519,Oussouye,SN,12.48,-16.55,82.4,88,20,6.93,few clouds
520,Salta,AR,-24.79,-65.41,62.6,45,32,9.17,scattered clouds
521,Novikovo,RU,51.15,37.89,51.19,66,0,7.81,clear sky
522,Yanam,IN,16.73,82.22,75.04,92,100,3.85,overcast clouds
523,Male,MV,4.17,73.51,80.6,83,75,10.29,broken clouds
524,Nemuro,JP,43.32,145.57,61.45,94,100,21.3,moderate rain
525,Veles,MK,41.72,21.78,62.6,88,0,3.36,clear sky
526,Spearfish,US,44.49,-103.86,73.0,32,1,5.82,clear sky
527,Senahu,GT,15.4,-89.83,62.29,94,99,2.13,overcast clouds
528,Egvekinot,RU,66.32,-179.17,31.53,87,77,5.21,broken clouds
529,Moron,AR,-34.65,-58.62,55.99,85,100,4.0,overcast clouds
530,Salalah,OM,17.02,54.09,75.2,73,20,4.7,few clouds
531,Cauquenes,CL,-35.97,-72.32,46.6,77,0,8.39,clear sky
532,Sulphur,US,30.24,-93.38,80.6,50,1,3.36,clear sky
533,Kungurtug,RU,50.6,97.52,25.79,89,0,1.03,clear sky
534,Liwale,TZ,-9.77,37.93,65.93,83,59,2.77,broken clouds
535,Maungaturoto,NZ,-36.1,174.37,69.01,71,12,1.01,few clouds
536,Kiunga,PG,-6.12,141.29,79.02,84,100,0.13,heavy intensity rain
537,Misratah,LY,32.38,15.09,84.69,48,58,8.01,broken clouds
538,Barabinsk,RU,55.36,78.36,28.83,97,32,7.05,scattered clouds
539,Rockland,US,41.17,-74.05,57.99,76,37,4.07,scattered clouds
540,Colares,PT,38.8,-9.45,62.01,82,74,15.01,broken clouds
541,Henties Bay,NA,-22.12,14.28,55.0,90,0,4.7,clear sky
542,Nargana,PA,9.44,-78.59,79.61,82,100,13.15,overcast clouds
543,Berlevag,NO,70.86,29.09,46.94,76,0,8.63,clear sky
544,Urbano Santos,BR,-3.21,-43.4,76.77,84,18,5.46,few clouds
545,Ler,SS,8.3,30.14,71.96,89,62,1.41,broken clouds
546,Chilliwack,CA,49.17,-121.94,61.0,86,82,2.84,broken clouds
547,Tambura,SS,5.6,27.47,68.07,79,1,1.83,clear sky
548,Mugan,CN,35.94,101.38,42.78,64,96,1.74,overcast clouds
549,Sydney,AU,-33.87,151.21,82.4,30,0,23.04,clear sky
550,Barcelona,ES,41.39,2.16,62.01,54,24,5.82,few clouds
551,Montevideo,UY,-34.83,-56.17,59.0,67,90,13.87,overcast clouds
552,Katherine,AU,-14.47,132.27,84.2,58,40,10.29,scattered clouds
553,Mengcheng,CN,33.26,116.57,52.92,54,45,6.2,scattered clouds
554,North Branch,US,45.51,-92.98,53.01,49,13,5.01,few clouds
555,Indian Head,US,38.6,-77.16,59.0,82,20,3.69,few clouds
556,Hanzhong,CN,33.07,107.03,51.66,87,100,4.52,light rain
557,Santa Luzia,BR,-19.77,-43.85,82.4,48,44,10.29,scattered clouds
558,Mukhen,RU,48.1,136.1,48.27,70,100,8.75,overcast clouds
559,Sosnovo,RU,60.55,30.21,55.99,85,100,8.63,overcast clouds
560,Yarmouth,US,41.71,-70.23,61.0,82,75,3.36,broken clouds
561,Mwinilunga,ZM,-11.74,24.43,66.06,28,0,2.33,clear sky
562,Alta Floresta,BR,-9.88,-56.09,82.8,40,16,3.29,heavy intensity rain
563,Derzhavinsk,KZ,51.1,66.32,33.21,87,0,10.96,clear sky
564,Taganak,PH,6.08,118.3,77.0,88,20,3.36,few clouds
565,Meybod,IR,32.25,54.02,73.4,32,4,4.7,clear sky
566,Seryshevo,RU,51.09,128.38,41.67,77,85,14.56,overcast clouds
567,La Primavera,CO,5.49,-70.41,78.17,79,87,3.38,overcast clouds
568,Palmer,US,42.16,-72.33,53.01,81,75,5.82,broken clouds
569,Mananjary,MG,-21.22,48.33,68.86,92,100,10.76,light rain
570,Rundu,NA,-17.93,19.77,75.2,25,85,1.61,overcast clouds
571,Castlerea,IE,53.77,-8.5,54.0,99,100,17.0,overcast clouds
572,Icatu,BR,-2.78,-44.07,80.6,78,12,11.41,few clouds
573,Mizdah,LY,31.45,12.98,79.86,17,91,1.86,overcast clouds
574,Pimenta Bueno,BR,-11.67,-61.19,82.9,48,47,1.01,very heavy rain
575,Shetpe,KZ,44.17,52.12,53.8,40,77,5.14,broken clouds
576,Peterhead,GB,57.51,-1.8,53.6,93,90,6.93,overcast clouds
577,Phan Thiet,VN,10.93,108.1,77.61,86,98,3.58,moderate rain
578,Yarada,IN,17.65,83.27,75.2,100,75,2.24,light rain
579,Wuwei,CN,37.93,102.64,42.01,58,28,1.01,scattered clouds
580,Bang Saphan,TH,11.21,99.51,75.2,100,40,3.13,scattered clouds
581,Havelock,US,34.88,-76.9,62.6,88,90,10.29,overcast clouds
582,Uruzgan,AF,32.83,66.0,49.5,45,0,7.67,clear sky
583,Nueva Loja,EC,0.08,-76.88,77.0,83,55,2.24,broken clouds
584,Singaraja,ID,-8.11,115.09,81.54,64,31,3.67,scattered clouds
585,Moyobamba,PE,-6.05,-76.97,66.72,83,70,1.07,broken clouds
586,Boo,SE,59.33,18.28,60.01,93,100,8.05,overcast clouds
587,Sambava,MG,-14.27,50.17,71.51,86,92,2.3,overcast clouds
588,Okara,PK,30.81,73.45,72.63,23,0,1.48,clear sky
589,Atbasar,KZ,51.8,68.33,31.08,92,8,8.37,clear sky
590,Maymyo,MM,22.03,96.47,78.8,88,75,4.7,broken clouds
591,Omboue,GA,-1.57,9.26,76.32,88,100,5.77,light rain
592,Bucerias,MX,20.75,-105.33,87.8,74,20,8.05,few clouds
593,Sovetskiy,RU,61.36,63.58,30.7,94,97,6.85,overcast clouds
594,Matamoros,MX,25.53,-103.25,87.8,15,5,4.79,clear sky
595,Port Hedland,AU,-20.32,118.57,68.0,24,6,20.8,clear sky
596,Aracruz,BR,-19.82,-40.27,81.0,88,40,5.82,scattered clouds
597,Destin,US,30.39,-86.5,73.4,53,1,5.82,clear sky
598,Plettenberg Bay,ZA,-34.05,23.37,62.11,77,0,3.04,clear sky
599,Keighley,GB,53.87,-1.91,51.8,87,20,11.41,few clouds
600,Alpine,US,32.84,-116.77,95.0,11,5,4.7,clear sky
601,Port Shepstone,ZA,-30.74,30.45,66.65,90,100,15.55,light rain
602,Wawa,NG,9.9,4.42,76.68,85,67,4.18,broken clouds
603,Dolores,AR,-36.31,-57.68,50.88,78,100,10.0,light rain
604,Andenes,NO,69.31,16.12,51.8,76,3,13.87,clear sky
605,Hohhot,CN,40.81,111.65,26.6,73,0,4.47,clear sky
606,Mbandaka,CD,0.05,18.26,68.29,94,100,0.89,overcast clouds
607,Platanos,GR,37.67,21.62,71.6,73,75,6.93,broken clouds
608,Ca Mau,VN,9.18,105.15,79.2,91,100,3.94,overcast clouds
609,Turbat,PK,26.0,63.04,80.24,16,0,11.61,clear sky
610,Kaiyuan,CN,23.7,103.3,68.99,84,52,1.19,broken clouds
611,Altamont,US,42.21,-121.74,78.01,27,1,8.05,clear sky
612,Opuwo,NA,-18.06,13.84,66.87,26,8,6.29,clear sky
613,Batemans Bay,AU,-35.72,150.18,84.0,46,15,5.01,few clouds
614,Mahon,ES,39.89,4.27,59.0,82,39,5.82,scattered clouds
615,Bud,US,39.45,-86.18,51.01,71,1,4.7,clear sky
616,Olinda,BR,-8.01,-34.86,78.8,69,40,10.29,scattered clouds
617,Batagay-Alyta,RU,67.8,130.41,25.99,85,7,4.18,clear sky
618,Sancti Spiritus,CU,21.93,-79.44,78.48,84,71,2.33,broken clouds
619,Kununurra,AU,-15.77,128.73,82.4,78,75,4.7,broken clouds
620,Udachnyy,RU,66.42,112.4,33.8,100,90,8.95,overcast clouds
621,Morant Bay,JM,17.88,-76.41,82.4,74,40,25.28,scattered clouds
622,Toba,JP,34.48,136.85,72.0,92,100,16.51,overcast clouds
623,Pankrushikha,RU,53.83,80.34,31.59,96,83,6.22,broken clouds
624,Loreto,MX,22.27,-101.97,64.15,30,0,19.24,clear sky
625,Aklavik,CA,68.22,-135.01,44.6,75,75,4.7,broken clouds
626,Trairi,BR,-3.28,-39.27,78.58,80,68,10.83,broken clouds
627,Petropavlovsk-Kamchatskiy,RU,53.05,158.65,48.2,93,75,8.95,broken clouds
628,Viseu,PT,40.66,-7.91,55.0,76,44,3.0,scattered clouds
629,Los Chiles,CR,11.03,-84.72,77.47,90,68,4.07,broken clouds
630,Dangriga,BZ,16.97,-88.23,84.2,66,40,6.93,scattered clouds
631,Nouakchott,MR,18.09,-15.98,82.4,61,22,2.24,few clouds
632,Araouane,ML,18.9,-3.53,83.19,51,100,10.25,light rain
633,Tambilil,PH,5.96,124.67,84.72,68,83,5.01,light rain
634,Tessalit,ML,20.2,1.01,91.67,25,57,6.13,broken clouds
635,Genhe,CN,50.78,121.52,34.88,83,0,5.17,clear sky
636,Polunochnoye,RU,60.87,60.42,28.94,95,88,4.59,overcast clouds
637,Bereda,ES,43.27,-7.54,54.0,100,64,5.01,broken clouds
638,Manaure,CO,11.78,-72.44,82.02,78,100,10.13,light rain
639,Tomar,PT,39.6,-8.41,57.99,91,52,4.36,broken clouds
640,Parintins,BR,-2.63,-56.74,85.62,54,50,1.83,scattered clouds
641,Aracaju,BR,-10.91,-37.07,80.6,65,40,8.05,scattered clouds
642,Cermik,TR,38.14,39.45,60.8,36,0,8.05,clear sky
643,Verkhnyaya Inta,RU,65.98,60.31,32.02,96,100,20.69,overcast clouds
644,Kasiri,SL,8.94,-13.11,75.54,92,95,6.85,moderate rain
645,Timbiqui,CO,2.77,-77.67,74.86,89,63,2.21,broken clouds
646,Leningradskiy,RU,69.38,178.42,28.47,93,60,8.21,broken clouds
647,Birjand,IR,32.87,59.22,55.69,38,0,5.37,clear sky
648,Deputatskiy,RU,69.3,139.9,23.45,96,99,4.41,overcast clouds
649,Kamalpur,IN,24.2,91.83,76.3,96,99,2.68,overcast clouds
650,Matiri,TZ,-10.75,34.9,64.29,46,22,4.09,few clouds
651,Saint-Joseph,RE,-21.37,55.62,68.0,88,93,13.87,light rain
652,Kesinga,IN,20.2,83.23,74.5,92,97,0.69,overcast clouds
653,Jibuti,DJ,11.5,42.5,82.4,61,1,4.65,clear sky
654,Sao Jose Da Coroa Grande,BR,-8.9,-35.15,74.55,84,75,7.18,broken clouds
655,Angoche,MZ,-16.23,39.91,73.6,88,32,2.48,scattered clouds
656,San Pedro,PH,14.35,121.02,82.4,78,20,3.36,few clouds
657,Tomra,NO,62.58,6.93,59.0,77,95,17.22,light intensity shower rain
658,Ahipara,NZ,-35.17,173.17,65.05,58,0,4.32,clear sky
659,Faya,SA,18.39,42.45,60.8,82,0,0.98,clear sky
660,Tawau,MY,4.25,117.89,77.0,94,40,4.7,moderate rain
661,Mana,GF,5.66,-53.78,79.81,85,70,8.75,broken clouds
662,Hovd,MN,48.01,91.64,34.63,75,4,2.86,clear sky
663,Salaga,GH,8.55,-0.52,74.44,95,94,4.38,overcast clouds
664,Kuldur,RU,49.22,131.63,43.65,76,90,6.35,light rain
665,Padang,ID,-0.95,100.35,78.44,75,84,3.58,broken clouds
666,Santiago Del Estero,AR,-27.8,-64.26,56.5,68,100,7.25,overcast clouds
667,Marsa Matruh,EG,31.35,27.25,73.4,78,0,2.06,clear sky
668,Laramie,US,41.31,-105.59,64.99,18,90,11.41,haze
669,Manbij,SY,36.53,37.95,68.0,37,0,12.1,clear sky
670,Jaguaruna,BR,-28.61,-49.03,61.7,92,100,15.37,overcast clouds
671,Tuban,ID,-6.9,112.06,80.8,69,33,13.31,scattered clouds
672,Lisakovsk,KZ,52.54,62.49,32.27,91,0,7.4,clear sky
673,Cameron Park,US,38.67,-120.99,91.99,16,0,4.09,clear sky
674,Takoradi,GH,4.88,-1.76,76.28,88,67,6.89,broken clouds
675,Makaryev,RU,57.88,43.81,37.85,81,77,5.3,broken clouds
676,Baiyin,CN,36.56,104.21,53.01,48,75,4.47,broken clouds
677,Doha,QA,25.29,51.53,89.6,66,0,2.24,clear sky
678,Luena,AO,-11.78,19.92,68.83,37,1,2.13,clear sky
679,West Plains,US,36.73,-91.85,60.8,41,1,8.05,clear sky
680,Douentza,ML,15.0,-2.95,88.9,41,99,7.56,overcast clouds
681,Gombong,ID,-7.61,109.51,64.0,82,98,5.59,overcast clouds
682,Ust-Ishim,RU,57.69,71.17,29.1,96,93,7.14,overcast clouds
683,Cairns,AU,-16.92,145.77,84.0,61,75,10.29,broken clouds
684,Gigmoto,PH,13.78,124.39,83.23,79,35,4.83,scattered clouds
685,San Jose,US,37.34,-121.89,91.0,26,75,10.29,smoke
686,Caronport,CA,50.45,-105.82,77.0,25,90,11.41,overcast clouds
687,Nortelandia,BR,-14.45,-56.8,89.06,26,14,4.0,few clouds
688,Codajas,BR,-3.84,-62.06,80.71,74,66,1.48,light rain
689,Pouebo,NC,-20.4,164.57,77.61,51,0,0.96,clear sky
690,Yaqui,MX,27.37,-110.17,102.2,26,5,9.17,clear sky
691,Yerbogachen,RU,61.28,108.01,39.97,91,100,9.4,overcast clouds
692,Cody,US,44.53,-109.06,77.0,13,1,11.41,clear sky
693,Povenets,RU,62.85,34.83,50.65,94,100,11.9,moderate rain
694,Tarnogskiy Gorodok,RU,60.5,43.58,38.41,90,92,5.73,overcast clouds
